{"epoch/loss": 0.1385010927915573, "epoch/binary_accuracy": 0.9538461565971375, "epoch/auc": 0.9973196983337402, "epoch/val_loss": 0.5847575664520264, "epoch/val_binary_accuracy": 0.8245614171028137, "epoch/val_auc": 0.8805418610572815, "epoch/epoch": 24, "epoch/learning_rate": 0.0010000000474974513, "_timestamp": 1680187676.183606, "_runtime": 9.651245832443237, "_step": 24}